{"cameraMode":{"drawMode":0,"name":"Shaded","section":"Shading Mode"},"sceneLighting":false,"audioPlay":false,"sceneViewState":{"showFog":true,"showMaterialUpdate":false,"showSkybox":false,"showFlares":true,"showImageEffects":true,"showParticleSystems":true},"in2DMode":false,"pivot":{"x":-0.10000023245811463,"y":13.366178512573243,"z":2.384185791015625e-7},"rotation":{"x":-0.10012034326791763,"y":-0.5624261498451233,"z":0.06884957104921341,"w":-0.8178715109825134},"size":5.715767860412598,"orthographic":false}