{"cameraMode":{"drawMode":0,"name":"Shaded","section":"Shading Mode"},"sceneLighting":true,"audioPlay":false,"sceneViewState":{"showFog":true,"showMaterialUpdate":false,"showSkybox":true,"showFlares":true,"showImageEffects":true,"showParticleSystems":true},"in2DMode":false,"pivot":{"x":0.0,"y":0.8100000023841858,"z":1.0700000524520875},"rotation":{"x":0.14043286442756654,"y":0.5664635896682739,"z":-0.09869607537984848,"w":0.8060128688812256},"size":19.174100875854493,"orthographic":true}