{"cameraMode":{"drawMode":0,"name":"Shaded","section":"Shading Mode"},"sceneLighting":false,"audioPlay":false,"sceneViewState":{"showFog":false,"showMaterialUpdate":false,"showSkybox":false,"showFlares":false,"showImageEffects":false,"showParticleSystems":true},"in2DMode":false,"pivot":{"x":0.6745226383209229,"y":2.2018187046051027,"z":47.36894607543945},"rotation":{"x":-0.153268963098526,"y":-0.21831831336021424,"z":0.0347442626953125,"w":-0.9631540775299072},"size":109.2062759399414,"orthographic":false}