{"cameraMode":{"drawMode":0,"name":"Shaded","section":"Shading Mode"},"sceneLighting":true,"audioPlay":false,"sceneViewState":{"showFog":true,"showMaterialUpdate":false,"showSkybox":true,"showFlares":true,"showImageEffects":true,"showParticleSystems":true},"in2DMode":false,"pivot":{"x":402.4662170410156,"y":401.9938659667969,"z":13.216758728027344},"rotation":{"x":-0.0650496631860733,"y":0.9333615899085999,"z":-0.2198302000761032,"w":-0.2761895954608917},"size":112.8752670288086,"orthographic":false}